i,j,cost,travel_time
65,95,0.948302895,30
70,80,1.104844199,30
95,65,0.948302895,30
80,70,1.104844199,30
