i,j,cost,travel_time
55,105,1.262284167,45
65,95,0.948302895,30
70,80,1.104844199,30
90,130,1.490879041,45
135,145,1.808224297,70
105,55,1.262284167,45
95,65,0.948302895,30
80,70,1.104844199,30
130,90,1.490879041,45
145,135,1.808224297,70
